journal,role,name,affiliation
AI & Future Society,Editor-in-Chief,Zekai Yu,
AI & Future Society,Associate Editor,Yuhong Wang,
AI & Future Society,Assistant Editor,Xiaomin Li,
AI & Future Society,Editorial Board Member,Mayukh Bagchi,"Department of Information Engineering and Computer Science (DISI), University of Trento, Trento, Italy"
AI & Future Society,Editorial Board Member,Yongxin Chen,"School of Economics and Management, Civil Aviation Flight University of China, Guanghan, China"
AI & Future Society,Editorial Board Member,Qiong Xie,"School of Information Technologies, The University of Sydney, Sydney, Australia"
AI & Future Society,Editorial Board Member,Wenwen Zhang,"School of Foreign Languages, Ningbo University, Ningbo, China | Ph.D., Peking University"
AI & Future Society,Editorial Board Member,Xuzhuo Zhang,"Faculty of Computer Science and Information Technology, Universiti Malaya, Kuala Lumpur, Malaysia"
AI & Future Society,Early Career Editorial Board,Yueqi Tian,"Simon Business School, University of Rochester, Rochester, NY, USA"
AI & Future Society,Early Career Editorial Board,Hao Zhang,"State Key Laboratory of Autonomous Intelligent Unmanned Systems, Beijing Institute of Technology, Beijing, China"
AI & Future Society,Early Career Editorial Board,Salvatore Stanizzi,"PhD Candidate in Digital Society Law and Technological Innovation, Università “Magna Græcia” of Catanzaro, Catanzaro, Italy | Visiting PhD Student, London Business School, London, United Kingdom"
Contemporary Review of Political Thought,Editor-in-Chief,Mengzhou Wu,Party School of the CPC Ning Guo Municipal Committee
Contemporary Review of Political Thought,Associate Editor,Xinmeng Wang,"School of Marxism, Anhui Vocational College of Industry and Economy, China"
Contemporary Review of Political Thought,Editorial Board Member,Rongli Xu,Party School of the CPC Ning Guo Municipal Committee
Contemporary Review of Political Thought,Young Editorial Board Member,Guang Yang,"School of Marxism, Jining University, China"
Climate Sustainability & Global Systems,Editor-in-Chief,Yaolin Zhang,Jinan University
Climate Sustainability & Global Systems,Co-Editor-in-Chief,Menghui Li,"Guangzhou Institute of Geochemistry, Chinese Academy of Sciences"
Climate Sustainability & Global Systems,Associate Editor,Xinyan Shao,Macau University of Science and Technology
Climate Sustainability & Global Systems,Associate Editor,Pengrong Huang,South China Agricultural University
Climate Sustainability & Global Systems,Associate Editor,Yiming Zou,Fudan University
Climate Sustainability & Global Systems,Editorial Board Member,Xueqing Deng,University of Antwerp
"Global Review of Humanities, Arts, and Society",Editor-in-Chief,Sebastian Lenz,"Panorama Scholarly Group, Berlin, Germany"
"Global Review of Humanities, Arts, and Society",Co-Editor-in-Chief,Xinhuan Zeng,"Hanyang University, Seoul, South Korea"
"Global Review of Humanities, Arts, and Society",Co-Editor-in-Chief,Haipeng Zhao,"Tsinghua University, Beijing, China"
"Global Review of Humanities, Arts, and Society",Associate Editor,Qilun Hu,"Kookmin University, Seoul, South Korea"
"Global Review of Humanities, Arts, and Society",Associate Editor,Haoqi Luo,"Chongqing University, Chongqing, China"
"Global Review of Humanities, Arts, and Society",Assistant Editor,Zhili Zhu,"Xiamen University, Xiamen, China"
"Global Review of Humanities, Arts, and Society",Assistant Editor,Fangting Xu,"The Catholic University of Korea, South Korea"
"Global Review of Humanities, Arts, and Society",Editorial Board Member,Youqian Zhong,"Jinan University, Guangzhou, China"
"Global Review of Humanities, Arts, and Society",Editorial Board Member,Qin Shi,"Kangwon National University, Chuncheon, South Korea"
"Global Review of Humanities, Arts, and Society",Editorial Board Member,Peixing Wang,"Yonsei University, Seoul, South Korea"
"Global Review of Humanities, Arts, and Society",Editorial Board Member,Xiao Huang,"Krirk University, Bangkok, Thailand"
"Global Review of Humanities, Arts, and Society",Editorial Board Member,Jun Gui,"Guangzhou Huali College, Guangzhou, China"
"Global Review of Humanities, Arts, and Society",International Advisory Board,Jooyoung Kim,"Kangwon National University, South Korea"
"Global Review of Humanities, Arts, and Society",International Advisory Board,Yosuke Uchiyama,"Chulalongkorn University, Bangkok, Thailand"
"Global Review of Humanities, Arts, and Society",International Advisory Board,Zeyu Wang,"Kyung Hee University, South Korea"
"Global Review of Humanities, Arts, and Society",International Advisory Board,Yan Zhang,"Qilu Institute of Technology, China"
"Global Review of Humanities, Arts, and Society",International Advisory Board,Yiu Kwong Au-Yeung,"University of Metaphysical Sciences, California, USA"
Health Nexus,Editor-in-Chief,Feifei Chen,"School of Nursing and Health Management, Wuhan Donghu University, China"
Health Nexus,Associate Editor,Rui-Zhe Jiang,"Medical College of Clinical Medicine, Shaanxi University of Chinese Medicine, China"
Health Nexus,Associate Editor,Yulei Tao,"OU Health Stephenson Cancer Center, Department of Oncology Science, The University of Oklahoma, USA"
Health Nexus,Assistant Editor,Xingkai Zhang,"Graduate School, Xinjiang Medical University, Urumqi, China"
Health Nexus,Assistant Editor,Yiwen Gu,"School of Medicine, Southeast University, China"
Health Nexus,Assistant Editor,Yunliang Lei,"Medical College of Clinical Medicine, Xi’an Medical University, China"
Health Nexus,Assistant Editor,Yangyi Ren,"Medical College of Clinical Medicine, Shaanxi University of Traditional Chinese Medicine, China"
Health Nexus,Editorial Board Member,Guijun Zhang,"School of Nursing and Health Management, Wuhan Donghu University, China"
Health Nexus,Editorial Board Member,Zhen He,"School of Nursing and Health Management, Wuhan Donghu University, China"
Health Nexus,Editorial Board Member,Jiabin Tang,"Weill Cornell Medicine, Cornell University, USA"
Health Nexus,Early Career Editorial Board,Jinyang Li,"Medical College of Clinical Medicine, Shaanxi University of Traditional Chinese Medicine, China"
Health Nexus,Early Career Editorial Board,Ning Wang,"Medical College of Clinical Medicine, Shaanxi University of Traditional Chinese Medicine, China"
Health Nexus,Early Career Editorial Board,Sichen Xia,"Nanjing Medical University, Nanjing, China"
Health Nexus,Early Career Editorial Board,Yunze Lu,"China Pharmaceutical University, Nanjing, China"
Health Nexus,Early Career Editorial Board,Qilong Wang,"Gansu University of Traditional Chinese Medicine, Lanzhou, China"
Health Nexus,Early Career Editorial Board,Siheng Ma,"Xijing Hospital, Air Force Medical University, Xi’an, China"
Health Nexus: Digital Health and Medical AI,Editor-in-Chief,Qilong Wang,"Panorama Research Institute, Hong Kong, China"
Health Nexus: Digital Health and Medical AI,Deputy Editor-in-Chief,Siheng Ma,"Xijing Hospital, Air Force Medical University, China"
Health Nexus: Digital Health and Medical AI,Deputy Editor-in-Chief,Yuyu Zhang,"Sir Run Run Shaw Hospital, Zhejiang University School of Medicine, China"
Health Nexus: Digital Health and Medical AI,Deputy Editor-in-Chief,Yayan Wang,"Sir Run Run Shaw Hospital, Zhejiang University School of Medicine, China"
Health Nexus: Digital Health and Medical AI,Early Career Editorial Board,Runxin Lü,"Xijing Hospital, the Fourth Military Medical University, China"
Health Nexus: Digital Health and Medical AI,Early Career Editorial Board,Haoxuan Gao,"Tianjin Medical University, China"
Health Nexus: Digital Health and Medical AI,Early Career Editorial Board,Yanan Qian,"Henan University of Chinese Medicine, China"
Health Nexus: Digital Health and Medical AI,Assistant Editor,Xin Qi,"Gansu University of Chinese Medicine, China"
Health Nexus: Digital Health and Medical AI,Assistant Editor,Chan Yang,"School of Mental Health, Wenzhou Medical University, China"
Health Nexus: Digital Health and Medical AI,Assistant Editor,Meiqi Li,"The First People's Hospital Affiliated to China Three Gorges University, China"
Health Nexus: Digital Health and Medical AI,Assistant Editor,Chen Wang,"First Clinical Medical College, Gansu University of Chinese Medicine, China"
Health Nexus: Digital Health and Medical AI,Assistant Editor,Leyi Chao,"Ningxia Medical University, China"
Journal of Dance and Embodied Structure,Editor-in-Chief,Xinhuan Zeng,
Journal of Dance and Embodied Structure,Editorial Board Member,Yucong Geng,"Postdoctoral Fellow, School of Arts, Southeast University, Nanjing, China"
Journal of Dance and Embodied Structure,Editorial Board Member,Xinmin Xiao,"Lecturer, School of Music and Dance, Hubei Normal University, China"
Journal of Dance and Embodied Structure,Editorial Board Member,Yihai Huang,"Co-Founder and Lecturer, LINX Dance Studio, Chongqing, China"
Journal of Dance and Embodied Structure,Editorial Board Member,Cheng Chen,"Associate Researcher, Panorama Scholarly Institute"
Journal of Dance and Embodied Structure,Editorial Board Member,Biru Zhang,"Early Career Researcher, Panorama Scholarly Institute"
Journal of Dance and Embodied Structure,Editorial Board Member,Lei Zhang,"Researcher, Panorama Scholarly Institute, Hong Kong"
Journal of Engineering Systems and Applications,Editor-in-Chief,Zeyu Wang,"— Kyung Hee University, South Korea"
Journal of Engineering Systems and Applications,Associate Editor,Jiarui Li,"— Imperial College London, United Kingdom"
Journal of Engineering Systems and Applications,Associate Editor,Shaolong Wei,"— Nantong University, China"
Journal of Engineering Systems and Applications,Associate Editor,Xuan Zhao,"— Shihezi Vocational and Technical College, China"
Journal of Engineering Systems and Applications,Editorial Board Member,Zhihao Weng,"— Zhejiang Jinhua Technology & Trade Polytechnic, China"
Journal of Sport and Exercise Studies,Editor-in-Chief,Xingyi Xu,"Nanchang Institute of Science and Technology, China"
Journal of Sport and Exercise Studies,Editorial Board Member,Shiqi Xu,"Institute of Physical Education, Hubei University of Arts and Science, Xiangyang, China"
Journal of Sport and Exercise Studies,Editorial Board Member,Dehua Gong,"Hangzhou International Innovation Institute, Beihang University, Hangzhou, China"
"Journal of Law, Psychology, and Communication Studies",Editor-in-Chief,Qilun Hu,"Kookmin University, South Korea"
"Journal of Law, Psychology, and Communication Studies",Co-Editor-in-Chief,Sheng Zhong,"Nanjing University of the Arts, China"
"Journal of Law, Psychology, and Communication Studies",Co-Editor-in-Chief,Yingli Piao,"Kookmin University, South Korea"
"Journal of Law, Psychology, and Communication Studies",Deputy Editor-in-Chief,Yujia Lu,"American University, United States"
"Journal of Law, Psychology, and Communication Studies",Deputy Editor-in-Chief,Xiaoxi Zhai,"Newcastle University, United Kingdom"
"Journal of Law, Psychology, and Communication Studies",Deputy Editor-in-Chief,Qimeng Dang,"Kookmin University, South Korea"
"Journal of Law, Psychology, and Communication Studies",Deputy Editor-in-Chief,Nuo Chen,"Kookmin University, South Korea"
"Journal of Law, Psychology, and Communication Studies",Chair of the Editorial Board,Qimeng Dang,"Kookmin University, South Korea"
"Journal of Law, Psychology, and Communication Studies",Editorial Board Member,Linhui Huang,"South China Normal University, China"
"Journal of Law, Psychology, and Communication Studies",Editorial Board Member,Alan Pan,"Department of Cognitive Psychology, Leiden University"
"Journal of Law, Psychology, and Communication Studies",Editorial Board Member,Danni Tang,"University of Liverpool, United Kingdom"
"Journal of Law, Psychology, and Communication Studies",Editorial Board Member,Haipeng Zhao,"Tsinghua University, China"
"Journal of Law, Psychology, and Communication Studies",Editorial Board Member,Jinlai Zhou,"Institute of Industrial Economics, CASS, China"
"Journal of Law, Psychology, and Communication Studies",Editorial Board Member,Jun Gui,"Guangzhou Huali College, China"
"Journal of Law, Psychology, and Communication Studies",Editorial Board Member,Peng Zhu,"Sejong University, South Korea"
"Journal of Law, Psychology, and Communication Studies",Editorial Board Member,Pengcheng Wang,"Kyung Hee University, South Korea"
"Journal of Law, Psychology, and Communication Studies",Editorial Board Member,Raúl Zeyi Huang,International Finance Corporation
"Journal of Law, Psychology, and Communication Studies",Editorial Board Member,Shanliang Xu,"Harbin Institute of Technology, China"
"Journal of Law, Psychology, and Communication Studies",Editorial Board Member,Yiu Kwong Au-Yeung,"University of Metaphysical Sciences, United States"
"Journal of Law, Psychology, and Communication Studies",Editorial Board Member,Yun Pei,"Emilio Aguinaldo College, Philippines"
"Journal of Law, Psychology, and Communication Studies",Guest Editor,Novichkova Mariia,"Moscow City University, Russia"
"Journal of Law, Psychology, and Communication Studies",Guest Editor,Savina Lera,"Kazan Federal University, Russia"
"Journal of Law, Psychology, and Communication Studies",Guest Editor,Potemkin Petr,"Bauman Moscow State Technical University, Russia"
"Journal of Law, Psychology, and Communication Studies",Guest Editor,Xiang Li,"Newcastle University, United Kingdom"
"Journal of Law, Psychology, and Communication Studies",Guest Editor,Bondareva Svetlana,"University of Basel, Switzerland"
"Journal of Law, Psychology, and Communication Studies",Guest Editor,Gabdullova Dina,"Eurasian Humanities Institute, Kazakhstan"
"Journal of Law, Psychology, and Communication Studies",Guest Editor,Uaisova Tamiris,"Eurasian Humanities Institute, Kazakhstan"
"Journal of Law, Psychology, and Communication Studies",Guest Editor,Yosuke Uchiyama,"Chulalongkorn University, Thailand"
"Journal of Law, Psychology, and Communication Studies",Guest Editor,Youqian Zhong,"Jinan University, China"
"Journal of Law, Psychology, and Communication Studies",Guest Editor,Zhongxuan Gao,"Nanjing University of the Arts, China"
"Journal of Law, Psychology, and Communication Studies",Guest Editor,Yuyun Zhang,"Communication University of Nanjing, China"
"Journal of Law, Psychology, and Communication Studies",Guest Editor,Lili Long,"Beijing Normal University, China"
Journal of Social Cognition and Communication,Editor-in-Chief,Yangyi Ren,"Department of Clinical Medicine, Second Clinical Medical College, Shaanxi University of Chinese Medicine, Xianyang, Shaanxi, China"
Journal of Social Cognition and Communication,Editorial Board Member,Jun Gui,"Guangzhou Huali College, China"
Journal of Social Cognition and Communication,Editorial Board Member,Peng Zhu,"College of Hospitality and Tourism Management, Sejong University, South Korea"
Journal of Social Cognition and Communication,Editorial Board Member,Raúl Zeyi Huang,"International Finance Corporation (IFC), World Bank Group"
International Review of Education and Learning Sciences,Editor-in-Chief,Mengzhou Wu,"Party School of the CPC Ning Guo Municipal Committee (Ning Guo Administrative College), China"
International Review of Education and Learning Sciences,Youth Editorial Board Member,Dewen Tan,"Zhuhai Suoka Technology Vocational School, China"
International Review of Education and Learning Sciences,Section Editor,Xinmeng Wang,"School of Marxism, Anhui Vocational College of Industry and Economy, China"
PoliEcoM Administration Review,Editor-in-Chief,Yiming Yang,"Department of Economics and Finance, Sangmyung University, Seoul, South Korea"
PoliEcoM Administration Review,Co-Editor-in-Chief,Yuting Chen,"Institute of Economics, Anhui Academy of Social Sciences (AASS), Hefei, China"
PoliEcoM Administration Review,Co-Editor-in-Chief,Haoqi Luo,"School of Public Policy & Administration, Chongqing University, Chongqing, China"
PoliEcoM Administration Review,Chair of the Editorial Board,Haipeng Zhao,"School of Public Policy and Management, Tsinghua University, Beijing, China"
PoliEcoM Administration Review,Associate Editor,Junyu Zhu,"School of Public Policy & Administration, Chongqing University, Chongqing, China"
PoliEcoM Administration Review,Editorial Board Member,Raúl Zeyi Huang,"International Finance Corporation (IFC), World Bank Group, Washington, DC, United States"
PoliEcoM Administration Review,Editorial Board Member,Yosuke Uchiyama,"Transportation Institute, Chulalongkorn University, Bangkok, Thailand"
PoliEcoM Administration Review,Guest Editor,Siyang Mei,"School of Economics and Management, Guangzhou College, Guangzhou, China"
Resonance: Journal of Global Music Studies,Editor-in-Chief,Jiale Li,"College of Music, Midwest University, Wentzville, MO, USA"
Resonance: Journal of Global Music Studies,Co-Editor-in-Chief,Chengwen Song,"Department of Public Administration, Graduate School, Kookmin University, Seoul, South Korea"
Resonance: Journal of Global Music Studies,Associate Editor,Jiahong Ao,"School of Music, Guangzhou College of Applied Science and Technology, China"
Resonance: Journal of Global Music Studies,Associate Editor,Xiaoyue Yan,"School of Music, Guangzhou College of Applied Science and Technology, China"
Resonance: Journal of Global Music Studies,Section Editor,Weiyi Li,"School of Music, College of Liberal Arts, University of Minnesota Twin Cities, USA"
Resonance: Journal of Global Music Studies,Assistant Editor,Hanlin Li,"School of Music and Dance, Kunming University, China"
Resonance: Journal of Global Music Studies,Chair of the Editorial Board,Ziying Lin,
Resonance: Journal of Global Music Studies,Editorial Board Member,Shiao Guo,"School of Music, Dalian Art College, China"
Resonance: Journal of Global Music Studies,Editorial Board Member,Ning Luo,"London College of Music, University of West London, London, United Kingdom"
Resonance: Journal of Global Music Studies,Editorial Board Member,Jiaxin Li,"Department of Musicology, Gnessin Russian Academy of Music, Moscow, Russia"
Resonance: Journal of Global Music Studies,Editorial Board Member,Mingliang Han,"Department of Music, Harvard University, Cambridge, MA, USA"
Resonance: Journal of Global Music Studies,Academic Advisory Board,Frank Gunderson,"College of Music, Florida State University, Tallahassee, FL, USA"
Resonance: Journal of Global Music Studies,Academic Advisory Board,Katherine Meizel,"College of Musical Arts, Bowling Green State University, Bowling Green, OH, USA"
Rural Governance and Green Development,Editor-in-Chief,Bing Wang,
Rural Governance and Green Development,Co-Editor-in-Chief,Wan Li,
Rural Governance and Green Development,Section Editor,Wenyu Zhou,
Rural Governance and Green Development,Guest Editor,Shaokun Li,
Rural Governance and Green Development,Editorial Board Member,Raúl Zeyi Huang,"International Finance Corporation, USA"
Rural Governance and Green Development,Editorial Board Member,Shaokun Li,"Beijing Normal University, China"
Rural Governance and Green Development,Editorial Board Member,Changliang Jie,"Jiangxi Academy of Social Sciences, China"
Rural Governance and Green Development,Editorial Board Member,Yong Guo,"Party School of CPC Wuhe County Committee, China"
Rural Governance and Green Development,Youth Editorial Board Member,Dong Wang,
Rural Governance and Green Development,Youth Editorial Board Member,Jicong Xue,
Silence,Editor-in-Chief,Jacques Diderot,"Panorama Scholarly Group, Berlin, Germany"
Silence,Assistant Editor,Xingkai Zhang,"Graduate School, Xinjiang Medical University, Urumqi, China"
Silence,Editorial Board Member,Qilong Wang,"Gansu University of Traditional Chinese Medicine, Lanzhou, China"
Silence,Editorial Board Member,Sichen Xia,"Nanjing Medical University, Nanjing, China"
Silence,Editorial Board Member,Yaolin Zhang,"Jinan University, Guangzhou, China"
Silence,Editorial Board Member,Yunze Lu,"China Pharmaceutical University, Nanjing, China"
Silence,Editorial Board Member,Yufei Shao,"Shanghai University, Shanghai, China"
Silence,Editorial Board Member,Siheng Ma,"Xijing Hospital, The Fourth Military Medical University, Xi’an, China"
Silence,Editorial Board Member,Alan Pan,"Department of Cognitive Psychology, Leiden University, Leiden, Netherlands"
Silence,Editorial Board Member,Xueqing Deng,"University of Antwerp, Antwerp, Belgium"
Silence,Editorial Board Member,Chengtian Liang,"School of Physics, Hangzhou Normal University, Hangzhou, China"
"Three Teachings Studies: Confucianism, Daoism, and Buddhism",Editor-in-Chief,Hengjie Wang,
"Three Teachings Studies: Confucianism, Daoism, and Buddhism",Editorial Board Member,Dongming Zhou,Department of Confucian Studies
"Three Teachings Studies: Confucianism, Daoism, and Buddhism",Editorial Board Member,Wenqiang Yu,Department of Philosophy
"Three Teachings Studies: Confucianism, Daoism, and Buddhism",Editorial Board Member,Ziyao Wei,
"Three Teachings Studies: Confucianism, Daoism, and Buddhism",Editorial Board Member,Postdoctoral Researcher,School of Philosophy and Social Development
"Three Teachings Studies: Confucianism, Daoism, and Buddhism",Editorial Board Member,Juesen,Institute of Religious Studies
"Three Teachings Studies: Confucianism, Daoism, and Buddhism",Editorial Board Member,Xingwang Huang,"Department of Philosophy, School of Humanities"
"Three Teachings Studies: Confucianism, Daoism, and Buddhism",Youth Editorial Board Member,Zhining Liang,
Panorama Research Institute,Director,Zeyu Wang,
Panorama Research Institute,Director of Research,Chengwen Song,
Panorama Research Institute,Collaboration Coordinator,Xinhuan Zeng,
Panorama Research Institute,Research Center Director,Junyu Zhu,Center for Policy and Social Research
Panorama Research Institute,Research Center Director,Xinhuan Zeng,"Center for Arts, Culture and Embodiment"
Panorama Research Institute,Research Center Director,Qilong Wang,Center for Health and Medical Research
Panorama Research Institute,Associate Research Fellow,Hengjie Wang,
Panorama Research Institute,Associate Research Fellow,Xinhuan Zeng,
Panorama Research Institute,Associate Research Fellow,Qilong Wang,
Panorama Research Institute,Associate Research Fellow,Cheng Chen,
Panorama Research Institute,Associate Research Fellow,Junyu Zhu,"Associate Research Fellow, Panorama Research Institute · Beijing Normal University"
Panorama Research Institute,Young Research Fellow,Zhang Biru,
Panorama Research Institute,Research Assistant,Xingkai Zhang,
