journal,editor_in_chief,signatory_title,issn,code,type,website_url
AI & Future Society,Zekai Yu,Editor-in-Chief,3053-4011,AFS,journal,https://journals.panorama-sg.com/afs
Comparative Philosophy and Religious Traditions,,Editor-in-Chief,,CPRT,journal,https://journals.panorama-sg.com/cprt
Contemporary Review of Political Thought,Mengzhou Wu,Editor-in-Chief,3056-0977,CROPT,journal,https://journals.panorama-sg.com/cropt
Climate Sustainability & Global Systems,Yaolin Zhang,Editor-in-Chief,3054-9663,CSGS,journal,https://journals.panorama-sg.com/csgs
Computational Social Sciences Review,,Editor-in-Chief,,CSSR,journal,https://journals.panorama-sg.com/cssr
"Food Systems, Safety & Sustainability",,Editor-in-Chief,,FSSS,journal,https://journals.panorama-sg.com/fsss
"Global Review of Humanities, Arts, and Society",Sebastian Lenz,Editor-in-Chief,3052-539X,GRHAS,journal,https://journals.panorama-sg.com/grhas
Health Nexus,Feifei Chen,Editor-in-Chief,3053-7037,HN,journal,https://journals.panorama-sg.com/healthnexus
Health Nexus: Digital Health and Medical AI,Qilong Wang,Editor-in-Chief,,HNDH,journal,https://journals.panorama-sg.com/hndh
Journal of Dance and Embodied Structure,,Editor-in-Chief,,JDES,journal,https://journals.panorama-sg.com/jdes
Journal of Engineering Systems and Applications,Zeyu Wang,Editor-in-Chief,3053-478X,JESA,journal,https://journals.panorama-sg.com/jesa
Journal of Sport and Exercise Studies,Dr. Xingyi Xu,Editor-in-Chief,,SES,journal,https://journals.panorama-sg.com/ses
"Journal of Law, Psychology, and Communication Studies",Qilun Hu,Editor-in-Chief,3052-9654,JLPCS,journal,https://journals.panorama-sg.com/jlpcs
Journal of Social Cognition and Communication,Yangyi Ren,Editor-in-Chief,3054-6958,JSCC,journal,https://journals.panorama-sg.com/jscc
International Review of Education and Learning Sciences,Mengzhou Wu,Editor-in-Chief,,IRELS,journal,https://journals.panorama-sg.com/irels
PoliEcoM Administration Review,Yiming Yang,Editor-in-Chief,3053-3597,PEMR,journal,https://journals.panorama-sg.com/pemr
Panorama Frontier Review,,Editor-in-Chief,,PFR,journal,https://journals.panorama-sg.com/pfr
Resonance: Journal of Global Music Studies,Dr. Jiale Li,Editor-in-Chief,3053-4410,RES,journal,https://journals.panorama-sg.com/resonance
Rural Governance and Green Development,Bing Wang,Editor-in-Chief,3053-7282,RGGD,journal,https://journals.panorama-sg.com/rggd
Silence,Jacques Diderot,Editor-in-Chief,3054-4386,SILENCE,journal,https://journals.panorama-sg.com/silence
"Three Teachings Studies: Confucianism, Daoism, and Buddhism",Hengjie Wang,Editor-in-Chief,3053-6553,TTS,journal,https://journals.panorama-sg.com/tts
Health Nexus: Cancer Biology and Therapeutics,,Editor-in-Chief,,HNCBT,journal,https://journals.panorama-sg.com/hncbt
Global Governance Systems Review,,Editor-in-Chief,,GGSR,journal,https://journals.panorama-sg.com/ggsr
Journal of Public Oversight and Institutional Integrity,,Editor-in-Chief,,JPOII,journal,https://journals.panorama-sg.com/jpoii
Panorama Research Institute,Dr. Zeyu Wang,Director,,PRI,institute,
